,Timestamp,Heart rate,sleep time
0,2021-02-06 12:02:00,72.0,0
1,2021-02-06 12:03:00,75.0,0
2,2021-02-06 12:04:00,81.0,0
3,2021-02-06 12:05:00,78.0,0
4,2021-02-06 12:06:00,70.0,0
5,2021-02-06 12:07:00,77.0,0
6,2021-02-06 12:08:00,76.0,0
7,2021-02-06 12:09:00,72.0,0
8,2021-02-06 12:10:00,65.0,0
9,2021-02-06 12:11:00,61.0,0
10,2021-02-06 12:12:00,75.0,0
11,2021-02-06 12:13:00,77.0,0
12,2021-02-06 12:14:00,75.0,0
13,2021-02-06 12:15:00,77.0,0
14,2021-02-06 12:17:00,78.0,0
15,2021-02-06 12:18:00,77.0,0
16,2021-02-06 12:20:00,76.0,0
17,2021-02-06 12:22:00,87.0,0
18,2021-02-06 12:23:00,104.0,0
19,2021-02-06 12:24:00,89.0,0
20,2021-02-06 12:25:00,80.0,0
21,2021-02-06 12:26:00,78.0,0
22,2021-02-06 12:27:00,77.0,0
23,2021-02-06 12:28:00,74.0,0
24,2021-02-06 12:29:00,77.0,0
25,2021-02-06 12:30:00,78.0,0
26,2021-02-06 12:31:00,79.0,0
27,2021-02-06 12:34:00,78.0,0
28,2021-02-06 12:35:00,77.0,0
29,2021-02-06 12:36:00,81.0,0
30,2021-02-06 12:37:00,82.0,0
31,2021-02-06 12:38:00,76.0,0
32,2021-02-06 12:39:00,83.0,0
33,2021-02-06 12:40:00,82.0,0
34,2021-02-06 12:41:00,78.0,0
35,2021-02-06 12:42:00,77.0,0
36,2021-02-06 12:43:00,72.0,0
37,2021-02-06 12:44:00,71.0,0
38,2021-02-06 12:45:00,73.0,0
39,2021-02-06 12:46:00,76.0,0
40,2021-02-06 12:47:00,73.0,0
41,2021-02-06 12:48:00,67.0,0
42,2021-02-06 12:49:00,66.0,0
43,2021-02-06 12:50:00,65.0,0
44,2021-02-06 12:52:00,64.0,0
45,2021-02-06 12:54:00,62.0,0
46,2021-02-06 12:56:00,63.0,0
47,2021-02-06 12:57:00,65.0,0
48,2021-02-06 12:58:00,76.0,0
49,2021-02-06 12:59:00,78.0,0
50,2021-02-06 13:00:00,71.0,0
51,2021-02-06 13:01:00,64.0,0
52,2021-02-06 13:02:00,61.0,0
53,2021-02-06 13:03:00,60.0,0
54,2021-02-06 13:04:00,59.0,0
55,2021-02-06 13:06:00,61.0,0
56,2021-02-06 13:07:00,68.0,0
57,2021-02-06 13:08:00,74.0,0
58,2021-02-06 13:09:00,76.0,0
59,2021-02-06 13:12:00,75.0,0
60,2021-02-06 13:13:00,67.0,0
61,2021-02-06 13:14:00,78.0,0
62,2021-02-06 13:15:00,87.0,0
63,2021-02-06 13:16:00,133.0,0
64,2021-02-06 13:17:00,113.0,0
65,2021-02-06 13:18:00,91.0,0
66,2021-02-06 13:19:00,80.0,0
67,2021-02-06 13:20:00,68.0,0
68,2021-02-06 13:21:00,67.0,0
69,2021-02-06 13:22:00,66.0,0
70,2021-02-06 13:23:00,65.0,0
71,2021-02-06 13:24:00,68.0,0
72,2021-02-06 13:25:00,81.0,0
73,2021-02-06 13:26:00,72.0,0
74,2021-02-06 13:27:00,65.0,0
75,2021-02-06 13:28:00,63.0,0
76,2021-02-06 13:30:00,62.0,0
77,2021-02-06 13:31:00,71.0,0
78,2021-02-06 13:32:00,83.0,0
79,2021-02-06 13:34:00,98.0,0
80,2021-02-06 13:35:00,89.0,0
81,2021-02-06 13:36:00,83.0,0
82,2021-02-06 13:37:00,80.0,0
83,2021-02-06 13:38:00,79.0,0
84,2021-02-06 13:39:00,74.0,0
85,2021-02-06 13:40:00,79.0,0
86,2021-02-06 13:41:00,80.0,0
87,2021-02-06 13:42:00,68.0,0
88,2021-02-06 13:43:00,71.0,0
89,2021-02-06 13:44:00,74.0,0
90,2021-02-06 13:45:00,71.0,0
91,2021-02-06 13:46:00,72.0,0
92,2021-02-06 13:48:00,71.0,0
93,2021-02-06 13:49:00,75.0,0
94,2021-02-06 13:50:00,71.0,0
95,2021-02-06 13:51:00,65.0,0
96,2021-02-06 13:52:00,63.0,0
97,2021-02-06 13:53:00,62.0,0
98,2021-02-06 13:54:00,73.0,0
99,2021-02-06 13:55:00,76.0,0
100,2021-02-06 13:58:00,74.0,0
101,2021-02-06 13:59:00,69.0,0
102,2021-02-06 14:00:00,74.0,0
103,2021-02-06 14:02:00,76.0,0
104,2021-02-06 14:05:00,74.0,0
105,2021-02-06 14:06:00,71.0,0
106,2021-02-06 14:07:00,72.0,0
107,2021-02-06 14:08:00,78.0,0
108,2021-02-06 14:09:00,80.0,0
109,2021-02-06 14:11:00,77.0,0
110,2021-02-06 14:12:00,78.0,0
111,2021-02-06 14:13:00,77.0,0
112,2021-02-06 14:14:00,79.0,0
113,2021-02-06 14:16:00,77.0,0
114,2021-02-06 14:17:00,76.0,0
115,2021-02-06 14:18:00,77.0,0
116,2021-02-06 14:20:00,78.0,0
117,2021-02-06 14:21:00,71.0,0
118,2021-02-06 14:22:00,75.0,0
119,2021-02-06 14:24:00,74.0,0
120,2021-02-06 14:25:00,77.0,0
121,2021-02-06 14:26:00,76.0,0
122,2021-02-06 14:27:00,78.0,0
123,2021-02-06 14:28:00,74.0,0
124,2021-02-06 14:29:00,72.0,0
125,2021-02-06 14:30:00,75.0,0
126,2021-02-06 14:31:00,74.0,0
127,2021-02-06 14:33:00,78.0,0
128,2021-02-06 14:34:00,76.0,0
129,2021-02-06 14:35:00,72.0,0
130,2021-02-06 14:36:00,71.0,0
131,2021-02-06 14:37:00,70.0,0
132,2021-02-06 14:38:00,75.0,0
133,2021-02-06 14:39:00,70.0,0
134,2021-02-06 14:40:00,74.0,0
135,2021-02-06 14:41:00,76.0,0
136,2021-02-06 14:42:00,74.0,0
137,2021-02-06 14:43:00,77.0,0
138,2021-02-06 14:44:00,76.0,0
139,2021-02-06 14:46:00,75.0,0
140,2021-02-06 14:47:00,70.0,0
141,2021-02-06 14:48:00,71.0,0
142,2021-02-06 14:49:00,70.0,0
143,2021-02-06 14:50:00,73.0,0
144,2021-02-06 14:51:00,77.0,0
145,2021-02-06 14:52:00,74.0,0
146,2021-02-06 14:53:00,72.0,0
147,2021-02-06 14:54:00,70.0,0
148,2021-02-06 14:55:00,73.0,0
149,2021-02-06 14:56:00,74.0,0
150,2021-02-06 14:57:00,73.0,0
151,2021-02-06 14:58:00,76.0,0
152,2021-02-06 14:59:00,77.0,0
153,2021-02-06 15:00:00,76.0,0
154,2021-02-06 15:01:00,74.0,0
155,2021-02-06 15:02:00,67.0,0
156,2021-02-06 15:04:00,69.0,0
157,2021-02-06 15:05:00,74.0,0
158,2021-02-06 15:08:00,76.0,0
159,2021-02-06 15:09:00,75.0,0
160,2021-02-06 15:10:00,76.0,0
161,2021-02-06 15:11:00,75.0,0
162,2021-02-06 15:13:00,76.0,0
163,2021-02-06 15:14:00,74.0,0
164,2021-02-06 15:15:00,73.0,0
165,2021-02-06 15:16:00,72.0,0
166,2021-02-06 15:17:00,69.0,0
167,2021-02-06 15:18:00,76.0,0
168,2021-02-06 15:19:00,75.0,0
169,2021-02-06 15:20:00,74.0,0
170,2021-02-06 15:21:00,73.0,0
171,2021-02-06 15:23:00,70.0,0
172,2021-02-06 15:24:00,74.0,0
173,2021-02-06 15:25:00,75.0,0
174,2021-02-06 15:26:00,74.0,0
175,2021-02-06 15:27:00,73.0,0
176,2021-02-06 15:28:00,71.0,0
177,2021-02-06 15:29:00,70.0,0
178,2021-02-06 15:30:00,71.0,0
179,2021-02-06 15:31:00,77.0,0
180,2021-02-06 15:34:00,73.0,0
181,2021-02-06 15:35:00,74.0,0
182,2021-02-06 15:36:00,71.0,0
183,2021-02-06 15:37:00,69.0,0
184,2021-02-06 15:38:00,73.0,0
185,2021-02-06 15:39:00,69.0,0
186,2021-02-06 15:40:00,66.0,0
187,2021-02-06 15:41:00,67.0,0
188,2021-02-06 15:42:00,66.0,0
189,2021-02-06 15:43:00,64.0,0
190,2021-02-06 15:44:00,71.0,0
191,2021-02-06 15:45:00,72.0,0
192,2021-02-06 15:46:00,66.0,0
193,2021-02-06 15:47:00,62.0,0
194,2021-02-06 15:49:00,73.0,0
195,2021-02-06 15:50:00,74.0,0
196,2021-02-06 15:52:00,86.0,0
197,2021-02-06 15:53:00,93.0,0
198,2021-02-06 15:54:00,81.0,0
199,2021-02-06 15:55:00,71.0,0
200,2021-02-06 15:56:00,61.0,0
201,2021-02-06 15:57:00,62.0,0
202,2021-02-06 15:58:00,58.0,0
203,2021-02-06 15:59:00,59.0,0
204,2021-02-06 16:00:00,65.0,0
205,2021-02-06 16:01:00,73.0,0
206,2021-02-06 16:02:00,68.0,0
207,2021-02-06 16:03:00,67.0,0
208,2021-02-06 16:04:00,64.0,0
209,2021-02-06 16:05:00,60.0,0
210,2021-02-06 16:06:00,68.0,0
211,2021-02-06 16:07:00,71.0,0
212,2021-02-06 16:08:00,63.0,0
213,2021-02-06 16:09:00,58.0,0
214,2021-02-06 16:10:00,71.0,0
215,2021-02-06 16:11:00,68.0,0
216,2021-02-06 16:12:00,62.0,0
217,2021-02-06 16:13:00,71.0,0
218,2021-02-06 16:14:00,75.0,0
219,2021-02-06 16:15:00,74.0,0
220,2021-02-06 16:16:00,68.0,0
221,2021-02-06 16:17:00,67.0,0
222,2021-02-06 16:20:00,68.0,0
223,2021-02-06 16:22:00,71.0,0
224,2021-02-06 16:23:00,72.0,0
225,2021-02-06 16:24:00,66.0,0
226,2021-02-06 16:25:00,57.0,0
227,2021-02-06 16:26:00,55.0,0
228,2021-02-06 16:27:00,56.0,0
229,2021-02-06 16:29:00,55.0,0
230,2021-02-06 16:30:00,53.0,0
231,2021-02-06 16:31:00,60.0,0
232,2021-02-06 16:32:00,66.0,0
233,2021-02-06 16:33:00,60.0,0
234,2021-02-06 16:34:00,54.0,0
235,2021-02-06 16:35:00,52.0,0
236,2021-02-06 16:36:00,53.0,0
237,2021-02-06 16:37:00,54.0,0
238,2021-02-06 16:38:00,53.0,0
239,2021-02-06 16:39:00,52.0,0
240,2021-02-06 16:40:00,53.0,0
241,2021-02-06 16:41:00,58.0,0
242,2021-02-06 16:42:00,71.0,0
243,2021-02-06 16:43:00,66.0,0
244,2021-02-06 16:44:00,62.0,0
245,2021-02-06 16:45:00,56.0,0
246,2021-02-06 16:46:00,55.0,0
247,2021-02-06 16:48:00,67.0,0
248,2021-02-06 16:49:00,58.0,0
249,2021-02-06 16:50:00,54.0,0
250,2021-02-06 16:54:00,53.0,0
251,2021-02-06 16:55:00,54.0,0
252,2021-02-06 16:56:00,53.0,0
253,2021-02-06 16:58:00,54.0,0
254,2021-02-06 17:02:00,53.0,0
255,2021-02-06 17:04:00,55.0,0
256,2021-02-06 17:05:00,56.0,0
257,2021-02-06 17:17:00,61.0,0
258,2021-02-06 17:18:00,64.0,0
259,2021-02-06 17:19:00,59.0,0
260,2021-02-06 17:20:00,57.0,0
261,2021-02-06 17:21:00,56.0,0
262,2021-02-06 17:22:00,59.0,0
263,2021-02-06 17:23:00,60.0,0
264,2021-02-06 17:24:00,61.0,0
265,2021-02-06 17:25:00,60.0,0
266,2021-02-06 17:26:00,61.0,0
267,2021-02-06 17:29:00,60.0,0
268,2021-02-06 17:31:00,71.0,0
269,2021-02-06 17:32:00,69.0,0
270,2021-02-06 17:33:00,62.0,0
271,2021-02-06 17:34:00,71.0,0
272,2021-02-06 17:35:00,65.0,0
273,2021-02-06 17:37:00,67.0,0
274,2021-02-06 17:38:00,68.0,0
275,2021-02-06 17:39:00,73.0,0
276,2021-02-06 17:40:00,72.0,0
277,2021-02-06 17:41:00,82.0,0
278,2021-02-06 17:42:00,88.0,0
279,2021-02-06 17:43:00,84.0,0
280,2021-02-06 17:44:00,74.0,0
281,2021-02-06 17:45:00,65.0,0
282,2021-02-06 17:47:00,76.0,0
283,2021-02-06 17:48:00,72.0,0
284,2021-02-06 17:49:00,68.0,0
285,2021-02-06 17:50:00,67.0,0
286,2021-02-06 17:52:00,78.0,0
287,2021-02-06 17:53:00,75.0,0
288,2021-02-06 17:54:00,69.0,0
289,2021-02-06 17:55:00,77.0,0
290,2021-02-06 17:56:00,75.0,0
291,2021-02-06 17:57:00,81.0,0
292,2021-02-06 17:58:00,74.0,0
293,2021-02-06 17:59:00,68.0,0
294,2021-02-06 18:00:00,67.0,0
295,2021-02-06 18:01:00,66.0,0
296,2021-02-06 18:03:00,80.0,0
297,2021-02-06 18:04:00,82.0,0
298,2021-02-06 18:05:00,77.0,0
299,2021-02-06 18:06:00,69.0,0
300,2021-02-06 18:07:00,77.0,0
301,2021-02-06 18:08:00,78.0,0
302,2021-02-06 18:09:00,87.0,0
303,2021-02-06 18:10:00,84.0,0
304,2021-02-06 18:11:00,77.0,0
305,2021-02-06 18:12:00,78.0,0
306,2021-02-06 18:14:00,74.0,0
307,2021-02-06 18:15:00,79.0,0
308,2021-02-06 18:16:00,77.0,0
309,2021-02-06 18:18:00,78.0,0
310,2021-02-06 18:19:00,77.0,0
311,2021-02-06 18:20:00,81.0,0
312,2021-02-06 18:21:00,77.0,0
313,2021-02-06 18:23:00,78.0,0
314,2021-02-06 18:24:00,77.0,0
315,2021-02-06 18:25:00,76.0,0
316,2021-02-06 18:27:00,77.0,0
317,2021-02-06 18:28:00,78.0,0
318,2021-02-06 18:29:00,79.0,0
319,2021-02-06 18:30:00,78.0,0
320,2021-02-06 18:31:00,83.0,0
321,2021-02-06 18:32:00,88.0,0
322,2021-02-06 18:33:00,81.0,0
323,2021-02-06 18:34:00,77.0,0
324,2021-02-06 18:35:00,80.0,0
325,2021-02-06 18:37:00,90.0,0
326,2021-02-06 18:38:00,83.0,0
327,2021-02-06 18:39:00,77.0,0
328,2021-02-06 18:40:00,75.0,0
329,2021-02-06 18:41:00,76.0,0
330,2021-02-06 18:42:00,77.0,0
331,2021-02-06 18:44:00,78.0,0
332,2021-02-06 18:45:00,91.0,0
333,2021-02-06 18:46:00,108.0,0
334,2021-02-06 18:48:00,100.0,0
335,2021-02-06 18:49:00,95.0,0
336,2021-02-06 18:50:00,94.0,0
337,2021-02-06 18:51:00,90.0,0
338,2021-02-06 18:52:00,93.0,0
339,2021-02-06 18:53:00,91.0,0
340,2021-02-06 18:54:00,96.0,0
341,2021-02-06 18:55:00,95.0,0
342,2021-02-06 18:56:00,96.0,0
343,2021-02-06 18:57:00,93.0,0
344,2021-02-06 18:58:00,84.0,0
345,2021-02-06 18:59:00,88.0,0
346,2021-02-06 19:01:00,84.0,0
347,2021-02-06 19:02:00,80.0,0
348,2021-02-06 19:03:00,81.0,0
349,2021-02-06 19:04:00,98.0,0
350,2021-02-06 19:05:00,96.0,0
351,2021-02-06 19:06:00,92.0,0
352,2021-02-06 19:07:00,84.0,0
353,2021-02-06 19:08:00,80.0,0
354,2021-02-06 19:09:00,78.0,0
355,2021-02-06 19:10:00,90.0,0
356,2021-02-06 19:12:00,83.0,0
357,2021-02-06 19:13:00,72.0,0
358,2021-02-06 19:14:00,77.0,0
359,2021-02-06 19:15:00,86.0,0
360,2021-02-06 19:16:00,83.0,0
361,2021-02-06 19:17:00,82.0,0
362,2021-02-06 19:18:00,81.0,0
363,2021-02-06 19:19:00,74.0,0
364,2021-02-06 19:20:00,76.0,0
365,2021-02-06 19:21:00,78.0,0
366,2021-02-06 19:22:00,70.0,0
367,2021-02-06 19:23:00,79.0,0
368,2021-02-06 19:24:00,85.0,0
369,2021-02-06 19:25:00,83.0,0
370,2021-02-06 19:26:00,81.0,0
371,2021-02-06 19:28:00,82.0,0
372,2021-02-06 19:29:00,79.0,0
373,2021-02-06 19:30:00,83.0,0
374,2021-02-06 19:31:00,79.0,0
375,2021-02-06 19:32:00,81.0,0
376,2021-02-06 19:33:00,85.0,0
377,2021-02-06 19:34:00,87.0,0
378,2021-02-06 19:35:00,91.0,0
379,2021-02-06 19:36:00,93.0,0
380,2021-02-06 19:38:00,101.0,0
381,2021-02-06 19:39:00,98.0,0
382,2021-02-06 19:40:00,93.0,0
383,2021-02-06 19:41:00,94.0,0
384,2021-02-06 19:42:00,95.0,0
385,2021-02-06 19:43:00,92.0,0
386,2021-02-06 19:44:00,84.0,0
387,2021-02-06 19:45:00,80.0,0
388,2021-02-06 19:46:00,79.0,0
389,2021-02-06 19:48:00,84.0,0
390,2021-02-06 19:49:00,86.0,0
391,2021-02-06 19:50:00,80.0,0
392,2021-02-06 19:51:00,77.0,0
393,2021-02-06 19:52:00,76.0,0
394,2021-02-06 19:53:00,75.0,0
395,2021-02-06 19:56:00,74.0,0
396,2021-02-06 19:57:00,84.0,0
397,2021-02-06 19:58:00,80.0,0
398,2021-02-06 19:59:00,73.0,0
399,2021-02-06 20:00:00,71.0,0
400,2021-02-06 20:01:00,72.0,0
401,2021-02-06 20:02:00,71.0,0
402,2021-02-06 20:03:00,72.0,0
403,2021-02-06 20:05:00,77.0,0
404,2021-02-06 20:06:00,80.0,0
405,2021-02-06 20:07:00,87.0,0
406,2021-02-06 20:08:00,95.0,0
407,2021-02-06 20:09:00,98.0,0
408,2021-02-06 20:10:00,94.0,0
409,2021-02-06 20:11:00,92.0,0
410,2021-02-06 20:12:00,90.0,0
411,2021-02-06 20:13:00,88.0,0
412,2021-02-06 20:14:00,87.0,0
413,2021-02-06 20:15:00,90.0,0
414,2021-02-06 20:16:00,88.0,0
415,2021-02-06 20:17:00,90.0,0
416,2021-02-06 20:18:00,87.0,0
417,2021-02-06 20:19:00,88.0,0
418,2021-02-06 20:20:00,90.0,0
419,2021-02-06 20:21:00,86.0,0
420,2021-02-06 20:22:00,79.0,0
421,2021-02-06 20:23:00,73.0,0
422,2021-02-06 20:24:00,69.0,0
423,2021-02-06 20:25:00,67.0,0
424,2021-02-06 20:26:00,66.0,0
425,2021-02-06 20:27:00,65.0,0
426,2021-02-06 20:29:00,74.0,0
427,2021-02-06 20:30:00,76.0,0
428,2021-02-06 20:31:00,68.0,0
429,2021-02-06 20:32:00,64.0,0
430,2021-02-06 20:33:00,63.0,0
431,2021-02-06 20:35:00,71.0,0
432,2021-02-06 20:36:00,84.0,0
433,2021-02-06 20:37:00,81.0,0
434,2021-02-06 20:39:00,78.0,0
435,2021-02-06 20:42:00,80.0,0
436,2021-02-06 20:43:00,96.0,0
437,2021-02-06 20:44:00,91.0,0
438,2021-02-06 20:45:00,85.0,0
439,2021-02-06 20:46:00,80.0,0
440,2021-02-06 20:47:00,71.0,0
441,2021-02-06 20:48:00,69.0,0
442,2021-02-06 20:49:00,77.0,0
443,2021-02-06 20:50:00,78.0,0
444,2021-02-06 20:51:00,81.0,0
445,2021-02-06 20:52:00,84.0,0
446,2021-02-06 20:53:00,85.0,0
447,2021-02-06 20:54:00,84.0,0
448,2021-02-06 20:56:00,85.0,0
449,2021-02-06 20:57:00,86.0,0
450,2021-02-06 20:59:00,83.0,0
451,2021-02-06 21:00:00,87.0,0
452,2021-02-06 21:01:00,88.0,0
453,2021-02-06 21:02:00,87.0,0
454,2021-02-06 21:03:00,86.0,0
455,2021-02-06 21:05:00,87.0,0
456,2021-02-06 21:06:00,88.0,0
457,2021-02-06 21:07:00,90.0,0
458,2021-02-06 21:08:00,101.0,0
459,2021-02-06 21:09:00,95.0,0
460,2021-02-06 21:10:00,102.0,0
461,2021-02-06 21:11:00,98.0,0
462,2021-02-06 21:12:00,90.0,0
463,2021-02-06 21:13:00,82.0,0
464,2021-02-06 21:14:00,75.0,0
465,2021-02-06 21:15:00,74.0,0
466,2021-02-06 21:16:00,78.0,0
467,2021-02-06 21:17:00,85.0,0
468,2021-02-06 21:18:00,79.0,0
469,2021-02-06 21:19:00,74.0,0
470,2021-02-06 21:20:00,72.0,0
471,2021-02-06 21:21:00,76.0,0
472,2021-02-06 21:22:00,77.0,0
473,2021-02-06 21:23:00,71.0,0
474,2021-02-06 21:24:00,70.0,0
475,2021-02-06 21:25:00,69.0,0
476,2021-02-06 21:27:00,68.0,0
477,2021-02-06 21:28:00,69.0,0
478,2021-02-06 21:30:00,64.0,0
479,2021-02-06 21:32:00,65.0,0
480,2021-02-06 21:36:00,72.0,0
481,2021-02-06 21:37:00,73.0,0
482,2021-02-06 21:38:00,66.0,0
483,2021-02-06 21:39:00,67.0,0
484,2021-02-06 21:40:00,84.0,0
485,2021-02-06 21:41:00,78.0,0
486,2021-02-06 21:42:00,67.0,0
487,2021-02-06 21:43:00,64.0,0
488,2021-02-06 21:44:00,65.0,0
489,2021-02-06 21:45:00,70.0,0
490,2021-02-06 21:46:00,66.0,0
491,2021-02-06 21:47:00,63.0,0
492,2021-02-06 21:49:00,64.0,0
493,2021-02-06 21:50:00,68.0,0
494,2021-02-06 21:51:00,64.0,0
495,2021-02-06 21:52:00,63.0,0
496,2021-02-06 21:53:00,65.0,0
497,2021-02-06 22:01:00,76.0,0
498,2021-02-06 22:02:00,83.0,0
499,2021-02-06 22:03:00,74.0,0
500,2021-02-06 22:04:00,67.0,0
501,2021-02-06 22:05:00,66.0,0
502,2021-02-06 22:06:00,65.0,0
503,2021-02-06 22:08:00,68.0,0
504,2021-02-06 22:09:00,64.0,0
505,2021-02-06 22:10:00,63.0,0
506,2021-02-06 22:11:00,64.0,0
507,2021-02-06 22:12:00,65.0,0
508,2021-02-06 22:16:00,69.0,0
509,2021-02-06 22:17:00,83.0,0
510,2021-02-06 22:18:00,74.0,0
511,2021-02-06 22:19:00,66.0,0
512,2021-02-06 22:20:00,65.0,0
513,2021-02-06 22:21:00,67.0,0
514,2021-02-06 22:22:00,68.0,0
515,2021-02-06 22:24:00,65.0,0
516,2021-02-06 22:25:00,74.0,0
517,2021-02-06 22:26:00,76.0,0
518,2021-02-06 22:27:00,70.0,0
519,2021-02-06 22:28:00,68.0,0
520,2021-02-06 22:29:00,71.0,0
521,2021-02-06 22:30:00,77.0,0
522,2021-02-06 22:31:00,74.0,0
523,2021-02-06 22:32:00,72.0,0
524,2021-02-06 22:33:00,68.0,0
525,2021-02-06 22:34:00,79.0,0
526,2021-02-06 22:35:00,78.0,0
527,2021-02-06 22:36:00,71.0,0
528,2021-02-06 22:37:00,66.0,0
529,2021-02-06 22:42:00,79.0,0
530,2021-02-06 22:44:00,81.0,0
531,2021-02-06 22:45:00,76.0,0
532,2021-02-06 22:46:00,78.0,0
533,2021-02-06 22:47:00,76.0,0
534,2021-02-06 22:48:00,68.0,0
535,2021-02-06 22:49:00,66.0,0
536,2021-02-06 22:53:00,67.0,0
537,2021-02-06 22:54:00,80.0,0
538,2021-02-06 22:55:00,72.0,0
539,2021-02-06 22:56:00,81.0,0
540,2021-02-06 22:57:00,78.0,0
541,2021-02-06 22:58:00,70.0,0
542,2021-02-06 22:59:00,65.0,0
543,2021-02-06 23:00:00,64.0,0
544,2021-02-06 23:01:00,65.0,0
545,2021-02-06 23:03:00,66.0,0
546,2021-02-06 23:04:00,67.0,0
547,2021-02-06 23:05:00,81.0,0
548,2021-02-06 23:06:00,80.0,0
549,2021-02-06 23:07:00,75.0,0
550,2021-02-06 23:08:00,70.0,0
551,2021-02-06 23:09:00,66.0,0
552,2021-02-06 23:10:00,64.0,0
553,2021-02-06 23:11:00,63.0,0
554,2021-02-06 23:12:00,64.0,0
555,2021-02-06 23:13:00,65.0,0
556,2021-02-06 23:14:00,71.0,0
557,2021-02-06 23:15:00,79.0,0
558,2021-02-06 23:16:00,72.0,0
559,2021-02-06 23:17:00,67.0,0
560,2021-02-06 23:18:00,64.0,0
561,2021-02-06 23:21:00,68.0,0
562,2021-02-06 23:22:00,71.0,0
563,2021-02-06 23:23:00,86.0,0
564,2021-02-06 23:24:00,92.0,0
565,2021-02-06 23:25:00,93.0,0
566,2021-02-06 23:26:00,89.0,0
567,2021-02-06 23:27:00,81.0,0
568,2021-02-06 23:28:00,78.0,0
569,2021-02-06 23:29:00,79.0,0
570,2021-02-06 23:30:00,83.0,0
571,2021-02-06 23:31:00,76.0,0
572,2021-02-06 23:32:00,81.0,0
573,2021-02-06 23:33:00,80.0,0
574,2021-02-06 23:34:00,82.0,0
575,2021-02-06 23:35:00,78.0,0
576,2021-02-06 23:36:00,73.0,0
577,2021-02-06 23:37:00,74.0,0
578,2021-02-06 23:38:00,70.0,0
579,2021-02-06 23:39:00,71.0,0
580,2021-02-06 23:40:00,73.0,0
581,2021-02-06 23:41:00,72.0,0
582,2021-02-06 23:43:00,76.0,0
583,2021-02-06 23:44:00,73.0,0
584,2021-02-06 23:45:00,70.0,0
585,2021-02-06 23:46:00,73.0,0
586,2021-02-06 23:48:00,70.0,0
587,2021-02-06 23:49:00,73.0,0
588,2021-02-06 23:50:00,74.0,0
589,2021-02-06 23:51:00,80.0,0
590,2021-02-06 23:52:00,86.0,0
591,2021-02-06 23:53:00,84.0,0
592,2021-02-06 23:54:00,86.0,0
593,2021-02-06 23:55:00,93.0,0
594,2021-02-06 23:56:00,88.0,0
595,2021-02-06 23:57:00,83.0,0
596,2021-02-06 23:58:00,92.0,1
597,2021-02-06 23:59:00,84.0,0
598,2021-02-07 00:00:00,75.0,0
599,2021-02-07 00:01:00,73.0,0
600,2021-02-07 00:02:00,72.0,0
601,2021-02-07 00:05:00,79.0,0
602,2021-02-07 00:06:00,85.0,0
603,2021-02-07 00:07:00,77.0,0
604,2021-02-07 00:08:00,73.0,0
605,2021-02-07 00:10:00,72.0,0
606,2021-02-07 00:11:00,73.0,0
607,2021-02-07 00:12:00,72.0,0
608,2021-02-07 00:19:00,73.0,0
609,2021-02-07 00:20:00,69.0,0
610,2021-02-07 00:21:00,66.0,0
611,2021-02-07 00:37:00,66.0,0
612,2021-02-07 00:39:00,65.0,0
613,2021-02-07 00:40:00,66.0,0
614,2021-02-07 00:56:00,66.0,0
615,2021-02-07 01:03:00,65.0,0
616,2021-02-07 01:04:00,66.0,0
617,2021-02-07 01:19:00,64.0,0
618,2021-02-07 01:20:00,63.0,0
619,2021-02-07 01:25:00,62.0,0
620,2021-02-07 01:27:00,63.0,0
621,2021-02-07 01:43:00,63.0,0
622,2021-02-07 01:52:00,62.0,0
623,2021-02-07 01:54:00,63.0,0
624,2021-02-07 01:58:00,62.0,0
625,2021-02-07 02:01:00,63.0,0
626,2021-02-07 02:02:00,62.0,0
627,2021-02-07 02:04:00,63.0,0
628,2021-02-07 02:05:00,62.0,0
629,2021-02-07 02:06:00,63.0,0
630,2021-02-07 02:08:00,62.0,0
631,2021-02-07 02:10:00,63.0,0
632,2021-02-07 02:10:44,108.0,0
633,2021-02-07 02:11:00,62.0,0
634,2021-02-07 02:11:44,109.0,0
635,2021-02-07 02:14:44,108.0,0
636,2021-02-07 02:21:00,63.0,0
637,2021-02-07 02:22:00,62.0,0
638,2021-02-07 02:22:44,104.0,0
639,2021-02-07 02:23:44,106.0,0
640,2021-02-07 02:24:44,107.0,0
641,2021-02-07 02:25:44,113.0,0
642,2021-02-07 02:26:44,112.0,0
643,2021-02-07 02:27:00,63.0,0
644,2021-02-07 02:27:44,109.0,0
645,2021-02-07 02:28:00,62.0,0
646,2021-02-07 02:28:44,107.0,0
647,2021-02-07 02:29:44,128.0,0
648,2021-02-07 02:30:44,131.0,0
649,2021-02-07 02:31:44,118.0,0
650,2021-02-07 02:32:44,114.0,0
651,2021-02-07 02:33:44,118.0,0
652,2021-02-07 02:34:44,124.0,0
653,2021-02-07 02:35:44,117.0,0
654,2021-02-07 02:36:44,107.0,0
655,2021-02-07 02:37:00,63.0,0
656,2021-02-07 02:37:44,96.0,0
657,2021-02-07 02:38:44,95.0,0
658,2021-02-07 02:39:00,62.0,0
659,2021-02-07 02:39:44,94.0,0
660,2021-02-07 02:40:44,93.0,0
661,2021-02-07 02:41:00,63.0,0
662,2021-02-07 02:42:44,102.0,0
663,2021-02-07 02:43:44,107.0,0
664,2021-02-07 02:44:44,141.0,0
665,2021-02-07 02:45:00,62.0,0
666,2021-02-07 02:45:44,127.0,0
667,2021-02-07 02:46:44,110.0,0
668,2021-02-07 02:47:00,63.0,0
669,2021-02-07 02:47:44,99.0,0
670,2021-02-07 02:48:00,62.0,0
671,2021-02-07 02:48:44,95.0,0
672,2021-02-07 02:50:00,63.0,0
673,2021-02-07 02:51:00,62.0,0
674,2021-02-07 02:53:00,63.0,0
675,2021-02-07 02:54:00,62.0,0
676,2021-02-07 02:55:00,63.0,0
677,2021-02-07 02:57:00,62.0,0
678,2021-02-07 02:59:00,63.0,0
679,2021-02-07 03:00:00,62.0,0
680,2021-02-07 03:01:00,63.0,0
681,2021-02-07 03:03:00,62.0,0
682,2021-02-07 03:05:00,63.0,0
683,2021-02-07 03:06:00,62.0,0
684,2021-02-07 03:12:00,63.0,0
685,2021-02-07 03:13:00,62.0,0
686,2021-02-07 03:25:00,63.0,0
687,2021-02-07 03:26:00,62.0,0
688,2021-02-07 03:28:00,76.0,0
689,2021-02-07 03:29:00,71.0,0
690,2021-02-07 03:30:00,64.0,0
691,2021-02-07 03:31:00,63.0,0
692,2021-02-07 03:33:00,62.0,0
693,2021-02-07 03:36:00,59.0,0
694,2021-02-07 03:37:00,58.0,0
695,2021-02-07 03:53:00,58.0,0
696,2021-02-07 04:09:00,58.0,0
697,2021-02-07 04:20:00,57.0,0
698,2021-02-07 04:21:00,58.0,0
699,2021-02-07 04:28:00,57.0,0
700,2021-02-07 04:29:00,58.0,0
701,2021-02-07 04:45:00,58.0,0
702,2021-02-07 05:01:00,58.0,0
703,2021-02-07 05:05:00,57.0,0
704,2021-02-07 05:08:00,58.0,0
705,2021-02-07 05:24:00,58.0,0
706,2021-02-07 05:35:00,60.0,0
707,2021-02-07 05:36:00,75.0,0
708,2021-02-07 05:37:00,63.0,0
709,2021-02-07 05:38:00,59.0,0
710,2021-02-07 05:39:00,58.0,0
711,2021-02-07 05:52:00,57.0,0
712,2021-02-07 05:54:00,58.0,0
713,2021-02-07 06:10:00,58.0,0
714,2021-02-07 06:22:00,57.0,0
715,2021-02-07 06:24:00,58.0,0
716,2021-02-07 06:31:00,59.0,0
717,2021-02-07 06:32:00,57.0,0
718,2021-02-07 06:35:00,58.0,0
719,2021-02-07 06:45:00,57.0,0
720,2021-02-07 06:49:00,58.0,0
721,2021-02-07 06:51:00,63.0,0
722,2021-02-07 06:52:00,73.0,0
723,2021-02-07 06:53:00,64.0,0
724,2021-02-07 06:54:00,59.0,0
725,2021-02-07 06:55:00,58.0,0
726,2021-02-07 07:02:00,73.0,0
727,2021-02-07 07:03:00,67.0,0
728,2021-02-07 07:04:00,60.0,0
729,2021-02-07 07:05:00,58.0,0
730,2021-02-07 07:07:00,57.0,0
731,2021-02-07 07:10:00,58.0,0
732,2021-02-07 07:11:00,57.0,0
733,2021-02-07 07:14:00,58.0,0
734,2021-02-07 07:15:00,57.0,0
735,2021-02-07 07:20:00,58.0,0
736,2021-02-07 07:21:00,57.0,0
737,2021-02-07 07:34:00,58.0,0
738,2021-02-07 07:35:00,57.0,0
739,2021-02-07 07:42:00,58.0,0
740,2021-02-07 07:44:00,57.0,0
741,2021-02-07 07:47:00,58.0,0
742,2021-02-07 07:49:00,57.0,0
743,2021-02-07 07:56:00,58.0,0
744,2021-02-07 07:57:00,57.0,0
745,2021-02-07 08:02:00,58.0,0
746,2021-02-07 08:03:00,74.0,0
747,2021-02-07 08:04:00,64.0,0
748,2021-02-07 08:05:00,59.0,0
749,2021-02-07 08:06:00,57.0,0
750,2021-02-07 08:22:00,57.0,0
751,2021-02-07 08:29:00,58.0,0
752,2021-02-07 08:30:00,57.0,0
753,2021-02-07 08:46:00,57.0,0
754,2021-02-07 08:48:00,58.0,0
755,2021-02-07 08:49:00,57.0,0
756,2021-02-07 08:57:00,58.0,0
757,2021-02-07 08:58:00,56.0,0
758,2021-02-07 09:00:00,57.0,0
759,2021-02-07 09:02:00,58.0,0
760,2021-02-07 09:03:00,57.0,0
761,2021-02-07 09:12:00,67.0,0
762,2021-02-07 09:13:00,65.0,0
763,2021-02-07 09:14:00,73.0,0
764,2021-02-07 09:15:00,75.0,0
765,2021-02-07 09:16:00,74.0,0
766,2021-02-07 09:17:00,72.0,0
767,2021-02-07 09:18:00,64.0,0
768,2021-02-07 09:19:00,57.0,0
769,2021-02-07 09:23:00,68.0,0
770,2021-02-07 09:24:00,63.0,0
771,2021-02-07 09:25:00,65.0,0
772,2021-02-07 09:26:00,62.0,0
773,2021-02-07 09:27:00,72.0,0
774,2021-02-07 09:29:00,64.0,0
775,2021-02-07 09:30:00,63.0,0
776,2021-02-07 09:31:00,68.0,0
777,2021-02-07 09:32:00,65.0,0
778,2021-02-07 09:33:00,61.0,0
779,2021-02-07 09:34:00,67.0,0
780,2021-02-07 09:35:00,73.0,0
781,2021-02-07 09:36:00,63.0,0
782,2021-02-07 09:37:00,61.0,0
783,2021-02-07 09:38:00,69.0,0
784,2021-02-07 09:39:00,75.0,0
785,2021-02-07 09:40:00,74.0,0
786,2021-02-07 09:41:00,68.0,0
787,2021-02-07 09:42:00,80.0,0
788,2021-02-07 09:43:00,73.0,0
789,2021-02-07 09:44:00,62.0,0
790,2021-02-07 09:45:00,61.0,0
791,2021-02-07 09:46:00,62.0,0
792,2021-02-07 09:49:00,66.0,0
793,2021-02-07 09:50:00,75.0,0
794,2021-02-07 09:51:00,78.0,0
795,2021-02-07 09:53:00,68.0,0
796,2021-02-07 09:54:00,62.0,0
797,2021-02-07 09:55:00,61.0,0
798,2021-02-07 09:56:00,63.0,0
799,2021-02-07 09:57:00,62.0,0
800,2021-02-07 09:59:00,72.0,0
801,2021-02-07 10:00:00,67.0,0
802,2021-02-07 10:01:00,63.0,0
803,2021-02-07 10:03:00,62.0,0
804,2021-02-07 10:07:00,63.0,0
805,2021-02-07 10:08:00,62.0,0
806,2021-02-07 10:12:00,76.0,0
807,2021-02-07 10:13:00,69.0,0
808,2021-02-07 10:14:00,63.0,0
809,2021-02-07 10:15:00,62.0,0
810,2021-02-07 10:16:00,70.0,0
811,2021-02-07 10:17:00,79.0,0
812,2021-02-07 10:18:00,68.0,0
813,2021-02-07 10:19:00,63.0,0
814,2021-02-07 10:20:00,62.0,0
815,2021-02-07 10:21:00,61.0,0
816,2021-02-07 10:22:00,62.0,0
817,2021-02-07 10:23:00,60.0,0
818,2021-02-07 10:25:00,61.0,0
819,2021-02-07 10:26:00,69.0,0
820,2021-02-07 10:27:00,84.0,0
821,2021-02-07 10:28:00,75.0,0
822,2021-02-07 10:29:00,77.0,0
823,2021-02-07 10:30:00,74.0,0
824,2021-02-07 10:31:00,78.0,0
825,2021-02-07 10:32:00,74.0,0
826,2021-02-07 10:33:00,70.0,0
827,2021-02-07 10:34:00,72.0,0
828,2021-02-07 10:35:00,76.0,0
829,2021-02-07 10:36:00,79.0,0
830,2021-02-07 10:37:00,82.0,0
831,2021-02-07 10:38:00,84.0,0
832,2021-02-07 10:41:00,83.0,0
833,2021-02-07 10:42:00,84.0,0
834,2021-02-07 10:44:00,83.0,0
835,2021-02-07 10:45:00,80.0,0
836,2021-02-07 10:46:00,79.0,0
837,2021-02-07 10:47:00,77.0,0
838,2021-02-07 10:48:00,70.0,0
839,2021-02-07 10:49:00,68.0,0
840,2021-02-07 10:50:00,74.0,0
841,2021-02-07 10:51:00,83.0,0
842,2021-02-07 10:53:00,84.0,0
843,2021-02-07 10:55:00,83.0,0
844,2021-02-07 10:56:00,84.0,0
845,2021-02-07 10:58:00,83.0,0
846,2021-02-07 11:00:00,84.0,0
847,2021-02-07 11:02:00,83.0,0
848,2021-02-07 11:03:00,76.0,0
849,2021-02-07 11:04:00,72.0,0
850,2021-02-07 11:05:00,71.0,0
851,2021-02-07 11:06:00,70.0,0
852,2021-02-07 11:07:00,67.0,0
853,2021-02-07 11:08:00,70.0,0
854,2021-02-07 11:09:00,77.0,0
855,2021-02-07 11:10:00,70.0,0
856,2021-02-07 11:12:00,80.0,0
857,2021-02-07 11:14:00,79.0,0
858,2021-02-07 11:15:00,76.0,0
859,2021-02-07 11:16:00,75.0,0
860,2021-02-07 11:17:00,80.0,0
861,2021-02-07 11:18:00,81.0,0
862,2021-02-07 11:19:00,79.0,0
863,2021-02-07 11:21:00,86.0,0
864,2021-02-07 11:22:00,81.0,0
865,2021-02-07 11:23:00,80.0,0
866,2021-02-07 11:25:00,84.0,0
867,2021-02-07 11:26:00,91.0,0
868,2021-02-07 11:27:00,90.0,0
869,2021-02-07 11:28:00,89.0,0
870,2021-02-07 11:30:00,91.0,0
871,2021-02-07 11:31:00,95.0,0
872,2021-02-07 11:32:00,102.0,0
873,2021-02-07 11:33:00,97.0,0
874,2021-02-07 11:34:00,94.0,0
875,2021-02-07 11:35:00,92.0,0
876,2021-02-07 11:36:00,97.0,0
877,2021-02-07 11:38:00,100.0,0
878,2021-02-07 11:39:00,101.0,0
879,2021-02-07 11:41:00,99.0,0
880,2021-02-07 11:42:00,100.0,0
881,2021-02-07 11:43:00,101.0,0
882,2021-02-07 11:44:00,103.0,0
883,2021-02-07 11:45:00,102.0,0
884,2021-02-07 11:47:00,103.0,0
885,2021-02-07 11:49:00,102.0,0
886,2021-02-07 11:53:00,103.0,0
887,2021-02-07 11:54:00,102.0,0
888,2021-02-07 11:55:00,100.0,0
889,2021-02-07 11:56:00,102.0,0
890,2021-02-07 11:57:00,103.0,0
891,2021-02-07 11:58:00,102.0,0
892,2021-02-07 11:59:00,100.0,0
